sample-id,site-id,sample-type,sample,pcr-replicate,area,location,latitude,longitude,salinity-refractometer,salinity-description,temp-c,pH,pHmV,oxidation-reduction-potential-mv,conductivity-mS/cm,turbidity-NTU,dissolved-oxygen-mg/l,total-dissolved-solids-g/l,salinity-ppt,seawater-specific-gravity-σt,mean-size,size-desc,sorting,sorting-desc,skewness,skewness-desc,kurtosis,kurtosis-desc,organic-composition,reads,asvs,pd
miami25-1-1,Miami_01,water,1,1,middle,black point marina docks,25.538611,-80.3275,28,polyhaline,22.52,7.57,-59,190,22.4,104,4.94,13.9,13.5,8,0.08,coarse,0.782,moderately-well,1.64,very-fine,1.474,leptokurtic,1.7,90709,74,13.506855
miami25-2-1,Miami_01,water,1,2,middle,black point marina docks,25.538611,-80.3275,28,polyhaline,22.52,7.57,-59,190,22.4,104,4.94,13.9,13.5,8,0.08,coarse,0.782,moderately-well,1.64,very-fine,1.474,leptokurtic,1.7,106495,74,13.0879815
miami25-3-1,Miami_01,water,1,3,middle,black point marina docks,25.538611,-80.3275,28,polyhaline,22.52,7.57,-59,190,22.4,104,4.94,13.9,13.5,8,0.08,coarse,0.782,moderately-well,1.64,very-fine,1.474,leptokurtic,1.7,167681,82,11.9656295
miami25-1-2,Miami_01,water,2,1,middle,black point marina docks,25.538611,-80.3275,28,polyhaline,22.52,7.57,-59,190,22.4,104,4.94,13.9,13.5,8,0.08,coarse,0.782,moderately-well,1.64,very-fine,1.474,leptokurtic,1.7,95545,77,12.2988326
miami25-2-2,Miami_01,water,2,2,middle,black point marina docks,25.538611,-80.3275,28,polyhaline,22.52,7.57,-59,190,22.4,104,4.94,13.9,13.5,8,0.08,coarse,0.782,moderately-well,1.64,very-fine,1.474,leptokurtic,1.7,26992,53,8.15590759
miami25-3-2,Miami_01,water,2,3,middle,black point marina docks,25.538611,-80.3275,28,polyhaline,22.52,7.57,-59,190,22.4,104,4.94,13.9,13.5,8,0.08,coarse,0.782,moderately-well,1.64,very-fine,1.474,leptokurtic,1.7,173285,80,11.5638496
miami25-1-3,Miami_01,water,3,1,middle,black point marina docks,25.538611,-80.3275,28,polyhaline,22.52,7.57,-59,190,22.4,104,4.94,13.9,13.5,8,0.08,coarse,0.782,moderately-well,1.64,very-fine,1.474,leptokurtic,1.7,53621,61,7.58612005
miami25-2-3,Miami_01,water,3,2,middle,black point marina docks,25.538611,-80.3275,28,polyhaline,22.52,7.57,-59,190,22.4,104,4.94,13.9,13.5,8,0.08,coarse,0.782,moderately-well,1.64,very-fine,1.474,leptokurtic,1.7,32051,55,7.91407811
miami25-3-3,Miami_01,water,3,3,middle,black point marina docks,25.538611,-80.3275,28,polyhaline,22.52,7.57,-59,190,22.4,104,4.94,13.9,13.5,8,0.08,coarse,0.782,moderately-well,1.64,very-fine,1.474,leptokurtic,1.7,134851,67,8.07029717
miami25-1-4,Miami_02,water,4,1,middle,mangroves,25.535833,-80.324722,30,euhaline,22.86,7.77,-71,195,23.7,49.7,4.84,14.7,14.34,8.5,-0.266,very-coarse,0.494,well,2.174,very-fine,1.845,very-leptokurtic,5.8,58271,98,17.7945164
miami25-2-4,Miami_02,water,4,2,middle,mangroves,25.535833,-80.324722,30,euhaline,22.86,7.77,-71,195,23.7,49.7,4.84,14.7,14.34,8.5,-0.266,very-coarse,0.494,well,2.174,very-fine,1.845,very-leptokurtic,5.8,33021,92,15.3075959
miami25-3-4,Miami_02,water,4,3,middle,mangroves,25.535833,-80.324722,30,euhaline,22.86,7.77,-71,195,23.7,49.7,4.84,14.7,14.34,8.5,-0.266,very-coarse,0.494,well,2.174,very-fine,1.845,very-leptokurtic,5.8,267911,117,18.2300287
miami25-1-5,Miami_02,water,5,1,middle,mangroves,25.535833,-80.324722,30,euhaline,22.86,7.77,-71,195,23.7,49.7,4.84,14.7,14.34,8.5,-0.266,very-coarse,0.494,well,2.174,very-fine,1.845,very-leptokurtic,5.8,86525,99,15.0428276
miami25-2-5,Miami_02,water,5,2,middle,mangroves,25.535833,-80.324722,30,euhaline,22.86,7.77,-71,195,23.7,49.7,4.84,14.7,14.34,8.5,-0.266,very-coarse,0.494,well,2.174,very-fine,1.845,very-leptokurtic,5.8,71474,94,12.8774099
miami25-3-5,Miami_02,water,5,3,middle,mangroves,25.535833,-80.324722,30,euhaline,22.86,7.77,-71,195,23.7,49.7,4.84,14.7,14.34,8.5,-0.266,very-coarse,0.494,well,2.174,very-fine,1.845,very-leptokurtic,5.8,115564,96,12.7352616
miami25-1-6,Miami_02,water,6,1,middle,mangroves,25.535833,-80.324722,30,euhaline,22.86,7.77,-71,195,23.7,49.7,4.84,14.7,14.34,8.5,-0.266,very-coarse,0.494,well,2.174,very-fine,1.845,very-leptokurtic,5.8,15021,64,13.0728337
miami25-2-6,Miami_02,water,6,2,middle,mangroves,25.535833,-80.324722,30,euhaline,22.86,7.77,-71,195,23.7,49.7,4.84,14.7,14.34,8.5,-0.266,very-coarse,0.494,well,2.174,very-fine,1.845,very-leptokurtic,5.8,12990,73,16.0409555
miami25-3-6,Miami_02,water,6,3,middle,mangroves,25.535833,-80.324722,30,euhaline,22.86,7.77,-71,195,23.7,49.7,4.84,14.7,14.34,8.5,-0.266,very-coarse,0.494,well,2.174,very-fine,1.845,very-leptokurtic,5.8,109597,99,15.8282961
miami25-1-7,Miami_03,water,7,1,middle,"stream near dam freshwater side; grassy, shaded",25.543611,-80.331389,1,oligohaline,22.21,7.95,-81,148,0.248,269,5.98,0.161,0.12,0,-0.034,very-coarse,0.675,moderately-well,1.695,very-fine,-12.489,very-platykurtic,7,15764,44,5.18161508
miami25-2-7,Miami_03,water,7,2,middle,"stream near dam freshwater side; grassy, shaded",25.543611,-80.331389,1,oligohaline,22.21,7.95,-81,148,0.248,269,5.98,0.161,0.12,0,-0.034,very-coarse,0.675,moderately-well,1.695,very-fine,-12.489,very-platykurtic,7,70001,60,5.18794838
miami25-3-7,Miami_03,water,7,3,middle,"stream near dam freshwater side; grassy, shaded",25.543611,-80.331389,1,oligohaline,22.21,7.95,-81,148,0.248,269,5.98,0.161,0.12,0,-0.034,very-coarse,0.675,moderately-well,1.695,very-fine,-12.489,very-platykurtic,7,47853,40,4.22482315
miami25-1-8,Miami_03,water,8,1,middle,"stream near dam freshwater side; grassy, shaded",25.543611,-80.331389,1,oligohaline,22.21,7.95,-81,148,0.248,269,5.98,0.161,0.12,0,-0.034,very-coarse,0.675,moderately-well,1.695,very-fine,-12.489,very-platykurtic,7,47466,43,4.69147151
miami25-2-8,Miami_03,water,8,2,middle,"stream near dam freshwater side; grassy, shaded",25.543611,-80.331389,1,oligohaline,22.21,7.95,-81,148,0.248,269,5.98,0.161,0.12,0,-0.034,very-coarse,0.675,moderately-well,1.695,very-fine,-12.489,very-platykurtic,7,94966,53,4.26590172
miami25-3-8,Miami_03,water,8,3,middle,"stream near dam freshwater side; grassy, shaded",25.543611,-80.331389,1,oligohaline,22.21,7.95,-81,148,0.248,269,5.98,0.161,0.12,0,-0.034,very-coarse,0.675,moderately-well,1.695,very-fine,-12.489,very-platykurtic,7,69964,35,3.73210128
miami25-1-9,Miami_03,water,9,1,middle,"stream near dam freshwater side; grassy, shaded",25.543611,-80.331389,1,oligohaline,22.21,7.95,-81,148,0.248,269,5.98,0.161,0.12,0,-0.034,very-coarse,0.675,moderately-well,1.695,very-fine,-12.489,very-platykurtic,7,55494,61,7.55507037
miami25-2-9,Miami_03,water,9,2,middle,"stream near dam freshwater side; grassy, shaded",25.543611,-80.331389,1,oligohaline,22.21,7.95,-81,148,0.248,269,5.98,0.161,0.12,0,-0.034,very-coarse,0.675,moderately-well,1.695,very-fine,-12.489,very-platykurtic,7,82995,60,5.41534934
miami25-3-9,Miami_03,water,9,3,middle,"stream near dam freshwater side; grassy, shaded",25.543611,-80.331389,1,oligohaline,22.21,7.95,-81,148,0.248,269,5.98,0.161,0.12,0,-0.034,very-coarse,0.675,moderately-well,1.695,very-fine,-12.489,very-platykurtic,7,72982,41,3.26274499
miami25-1-10,Miami_04,water,10,1,middle,under bridge,25.542222,-80.33,22,polyhaline,22.51,7.57,-59,219,19.2,79.6,4.96,11.9,11.37,6.4,-0.138,very-coarse,0.540,moderately-well,1.915,very-fine,-2.840,very-platykurtic,1.9,32367,60,11.6848243
miami25-2-10,Miami_04,water,10,2,middle,under bridge,25.542222,-80.33,22,polyhaline,22.51,7.57,-59,219,19.2,79.6,4.96,11.9,11.37,6.4,-0.138,very-coarse,0.540,moderately-well,1.915,very-fine,-2.840,very-platykurtic,1.9,17956,50,9.34688846
miami25-3-10,Miami_04,water,10,3,middle,under bridge,25.542222,-80.33,22,polyhaline,22.51,7.57,-59,219,19.2,79.6,4.96,11.9,11.37,6.4,-0.138,very-coarse,0.540,moderately-well,1.915,very-fine,-2.840,very-platykurtic,1.9,5072,9,3.5056849
miami25-1-11,Miami_04,water,11,1,middle,under bridge,25.542222,-80.33,22,polyhaline,22.51,7.57,-59,219,19.2,79.6,4.96,11.9,11.37,6.4,-0.138,very-coarse,0.540,moderately-well,1.915,very-fine,-2.840,very-platykurtic,1.9,136273,96,14.4992838
miami25-2-11,Miami_04,water,11,2,middle,under bridge,25.542222,-80.33,22,polyhaline,22.51,7.57,-59,219,19.2,79.6,4.96,11.9,11.37,6.4,-0.138,very-coarse,0.540,moderately-well,1.915,very-fine,-2.840,very-platykurtic,1.9,95318,79,12.9435884
miami25-3-11,Miami_04,water,11,3,middle,under bridge,25.542222,-80.33,22,polyhaline,22.51,7.57,-59,219,19.2,79.6,4.96,11.9,11.37,6.4,-0.138,very-coarse,0.540,moderately-well,1.915,very-fine,-2.840,very-platykurtic,1.9,229902,83,12.5365494
miami25-1-12,Miami_04,water,12,1,middle,under bridge,25.542222,-80.33,22,polyhaline,22.51,7.57,-59,219,19.2,79.6,4.96,11.9,11.37,6.4,-0.138,very-coarse,0.540,moderately-well,1.915,very-fine,-2.840,very-platykurtic,1.9,29493,80,13.5077283
miami25-2-12,Miami_04,water,12,2,middle,under bridge,25.542222,-80.33,22,polyhaline,22.51,7.57,-59,219,19.2,79.6,4.96,11.9,11.37,6.4,-0.138,very-coarse,0.540,moderately-well,1.915,very-fine,-2.840,very-platykurtic,1.9,49901,83,13.0875252
miami25-3-12,Miami_04,water,12,3,middle,under bridge,25.542222,-80.33,22,polyhaline,22.51,7.57,-59,219,19.2,79.6,4.96,11.9,11.37,6.4,-0.138,very-coarse,0.540,moderately-well,1.915,very-fine,-2.840,very-platykurtic,1.9,95325,70,11.5177518
miami25-1-13,Miami_05,water,13,1,bottom,sandy beach,25.461111,-80.336389,30,euhaline,25.89,7.88,-77,80,24.5,185,5.27,15.2,14.85,8.1,1.274,medium ,1.161,poorly,-0.090,symmetrical,1.152,leptokurtic,2.2,26854,92,15.012598
miami25-2-13,Miami_05,water,13,2,bottom,sandy beach,25.461111,-80.336389,30,euhaline,25.89,7.88,-77,80,24.5,185,5.27,15.2,14.85,8.1,1.274,medium ,1.161,poorly,-0.090,symmetrical,1.152,leptokurtic,2.2,34037,88,13.6670351
miami25-3-13,Miami_05,water,13,3,bottom,sandy beach,25.461111,-80.336389,30,euhaline,25.89,7.88,-77,80,24.5,185,5.27,15.2,14.85,8.1,1.274,medium ,1.161,poorly,-0.090,symmetrical,1.152,leptokurtic,2.2,29076,80,12.1017321
miami25-1-14,Miami_05,water,14,1,bottom,sandy beach,25.461111,-80.336389,30,euhaline,25.89,7.88,-77,80,24.5,185,5.27,15.2,14.85,8.1,1.274,medium ,1.161,poorly,-0.090,symmetrical,1.152,leptokurtic,2.2,29048,84,14.2607259
miami25-2-14,Miami_05,water,14,2,bottom,sandy beach,25.461111,-80.336389,30,euhaline,25.89,7.88,-77,80,24.5,185,5.27,15.2,14.85,8.1,1.274,medium ,1.161,poorly,-0.090,symmetrical,1.152,leptokurtic,2.2,21064,65,11.2910598
miami25-3-14,Miami_05,water,14,3,bottom,sandy beach,25.461111,-80.336389,30,euhaline,25.89,7.88,-77,80,24.5,185,5.27,15.2,14.85,8.1,1.274,medium ,1.161,poorly,-0.090,symmetrical,1.152,leptokurtic,2.2,61350,75,11.9112251
miami25-1-15,Miami_05,water,15,1,bottom,sandy beach,25.461111,-80.336389,30,euhaline,25.89,7.88,-77,80,24.5,185,5.27,15.2,14.85,8.1,1.274,medium ,1.161,poorly,-0.090,symmetrical,1.152,leptokurtic,2.2,19256,89,14.9608265
miami25-2-15,Miami_05,water,15,2,bottom,sandy beach,25.461111,-80.336389,30,euhaline,25.89,7.88,-77,80,24.5,185,5.27,15.2,14.85,8.1,1.274,medium ,1.161,poorly,-0.090,symmetrical,1.152,leptokurtic,2.2,23778,81,12.326567
miami25-1-16,Miami_06,water,16,1,bottom,Under bridge,25.471111,-80.379722,2,oligohaline,25.59,8,-85,224,0.771,60.3,5.63,0.493,0.38,0,-0.085,very-coarse,0.572,moderately-well,1.793,very-fine,-1.577,very-platykurtic,0.9,67074,106,13.3124763
miami25-2-16,Miami_06,water,16,2,bottom,Under bridge,25.471111,-80.379722,2,oligohaline,25.59,8,-85,224,0.771,60.3,5.63,0.493,0.38,0,-0.085,very-coarse,0.572,moderately-well,1.793,very-fine,-1.577,very-platykurtic,0.9,67259,102,13.1091539
miami25-3-16,Miami_06,water,16,3,bottom,Under bridge,25.471111,-80.379722,2,oligohaline,25.59,8,-85,224,0.771,60.3,5.63,0.493,0.38,0,-0.085,very-coarse,0.572,moderately-well,1.793,very-fine,-1.577,very-platykurtic,0.9,83780,110,13.9178774
miami25-1-17,Miami_06,water,17,1,bottom,Under bridge,25.471111,-80.379722,2,oligohaline,25.59,8,-85,224,0.771,60.3,5.63,0.493,0.38,0,-0.085,very-coarse,0.572,moderately-well,1.793,very-fine,-1.577,very-platykurtic,0.9,50320,94,10.445249
miami25-2-17,Miami_06,water,17,2,bottom,Under bridge,25.471111,-80.379722,2,oligohaline,25.59,8,-85,224,0.771,60.3,5.63,0.493,0.38,0,-0.085,very-coarse,0.572,moderately-well,1.793,very-fine,-1.577,very-platykurtic,0.9,65014,98,10.0009326
miami25-3-17,Miami_06,water,17,3,bottom,Under bridge,25.471111,-80.379722,2,oligohaline,25.59,8,-85,224,0.771,60.3,5.63,0.493,0.38,0,-0.085,very-coarse,0.572,moderately-well,1.793,very-fine,-1.577,very-platykurtic,0.9,94647,96,9.76202222
miami25-1-18,Miami_06,water,18,1,bottom,Under bridge,25.471111,-80.379722,2,oligohaline,25.59,8,-85,224,0.771,60.3,5.63,0.493,0.38,0,-0.085,very-coarse,0.572,moderately-well,1.793,very-fine,-1.577,very-platykurtic,0.9,15818,55,9.66286042
miami25-2-18,Miami_06,water,18,2,bottom,Under bridge,25.471111,-80.379722,2,oligohaline,25.59,8,-85,224,0.771,60.3,5.63,0.493,0.38,0,-0.085,very-coarse,0.572,moderately-well,1.793,very-fine,-1.577,very-platykurtic,0.9,65065,65,9.04180987
miami25-3-18,Miami_06,water,18,3,bottom,Under bridge,25.471111,-80.379722,2,oligohaline,25.59,8,-85,224,0.771,60.3,5.63,0.493,0.38,0,-0.085,very-coarse,0.572,moderately-well,1.793,very-fine,-1.577,very-platykurtic,0.9,109508,90,9.21463217
miami25-1-19,Miami_07,water,19,1,bottom,"stream near dam marine side; grassy, rocky",25.47,-80.345833,7,mesohaline,26.05,7.43,-51,134,12.1,173,4.79,7.48,6.89,2.1,-0.594,very-coarse,0.032,very-well,0.846,very-fine,-1.066,very-platykurtic,0.9,37170,47,8.55305102
miami25-2-19,Miami_07,water,19,2,bottom,"stream near dam marine side; grassy, rocky",25.47,-80.345833,7,mesohaline,26.05,7.43,-51,134,12.1,173,4.79,7.48,6.89,2.1,-0.594,very-coarse,0.032,very-well,0.846,very-fine,-1.066,very-platykurtic,0.9,34170,41,7.40379898
miami25-3-19,Miami_07,water,19,3,bottom,"stream near dam marine side; grassy, rocky",25.47,-80.345833,7,mesohaline,26.05,7.43,-51,134,12.1,173,4.79,7.48,6.89,2.1,-0.594,very-coarse,0.032,very-well,0.846,very-fine,-1.066,very-platykurtic,0.9,147183,69,8.62116512
miami25-1-20,Miami_07,water,20,1,bottom,"stream near dam marine side; grassy, rocky",25.47,-80.345833,7,mesohaline,26.05,7.43,-51,134,12.1,173,4.79,7.48,6.89,2.1,-0.594,very-coarse,0.032,very-well,0.846,very-fine,-1.066,very-platykurtic,0.9,18370,40,8.81220043
miami25-2-20,Miami_07,water,20,2,bottom,"stream near dam marine side; grassy, rocky",25.47,-80.345833,7,mesohaline,26.05,7.43,-51,134,12.1,173,4.79,7.48,6.89,2.1,-0.594,very-coarse,0.032,very-well,0.846,very-fine,-1.066,very-platykurtic,0.9,82612,54,8.05774899
miami25-3-20,Miami_07,water,20,3,bottom,"stream near dam marine side; grassy, rocky",25.47,-80.345833,7,mesohaline,26.05,7.43,-51,134,12.1,173,4.79,7.48,6.89,2.1,-0.594,very-coarse,0.032,very-well,0.846,very-fine,-1.066,very-platykurtic,0.9,82643,44,5.82517448
miami25-1-21,Miami_07,water,21,1,bottom,"stream near dam marine side; grassy, rocky",25.47,-80.345833,7,mesohaline,26.05,7.43,-51,134,12.1,173,4.79,7.48,6.89,2.1,-0.594,very-coarse,0.032,very-well,0.846,very-fine,-1.066,very-platykurtic,0.9,102713,70,8.51738432
miami25-2-21,Miami_07,water,21,2,bottom,"stream near dam marine side; grassy, rocky",25.47,-80.345833,7,mesohaline,26.05,7.43,-51,134,12.1,173,4.79,7.48,6.89,2.1,-0.594,very-coarse,0.032,very-well,0.846,very-fine,-1.066,very-platykurtic,0.9,110766,59,9.11055389
miami25-3-21,Miami_07,water,21,3,bottom,"stream near dam marine side; grassy, rocky",25.47,-80.345833,7,mesohaline,26.05,7.43,-51,134,12.1,173,4.79,7.48,6.89,2.1,-0.594,very-coarse,0.032,very-well,0.846,very-fine,-1.066,very-platykurtic,0.9,171286,73,8.21889433
miami25-1-22,Miami_08,water,22,1,bottom,beach,25.47,-80.340556,18,polyhaline,26.71,7.58,-60,163,12.4,319,6.11,7.66,7.07,2.1,-0.574,very-coarse,-0.052,very-well,1.045,very-fine,-0.677,very-platykurtic,1,25217,48,8.3470903
miami25-2-22,Miami_08,water,22,2,bottom,beach,25.47,-80.340556,18,polyhaline,26.71,7.58,-60,163,12.4,319,6.11,7.66,7.07,2.1,-0.574,very-coarse,-0.052,very-well,1.045,very-fine,-0.677,very-platykurtic,1,69621,53,7.33355115
miami25-3-22,Miami_08,water,22,3,bottom,beach,25.47,-80.340556,18,polyhaline,26.71,7.58,-60,163,12.4,319,6.11,7.66,7.07,2.1,-0.574,very-coarse,-0.052,very-well,1.045,very-fine,-0.677,very-platykurtic,1,111575,66,10.0691195
miami25-1-23,Miami_08,water,23,1,bottom,beach,25.47,-80.340556,18,polyhaline,26.71,7.58,-60,163,12.4,319,6.11,7.66,7.07,2.1,-0.574,very-coarse,-0.052,very-well,1.045,very-fine,-0.677,very-platykurtic,1,32365,84,14.3585233
miami25-2-23,Miami_08,water,23,2,bottom,beach,25.47,-80.340556,18,polyhaline,26.71,7.58,-60,163,12.4,319,6.11,7.66,7.07,2.1,-0.574,very-coarse,-0.052,very-well,1.045,very-fine,-0.677,very-platykurtic,1,65830,86,13.2848743
miami25-3-23,Miami_08,water,23,3,bottom,beach,25.47,-80.340556,18,polyhaline,26.71,7.58,-60,163,12.4,319,6.11,7.66,7.07,2.1,-0.574,very-coarse,-0.052,very-well,1.045,very-fine,-0.677,very-platykurtic,1,167688,107,13.557586
miami25-1-24,Miami_08,water,24,1,bottom,beach,25.47,-80.340556,18,polyhaline,26.71,7.58,-60,163,12.4,319,6.11,7.66,7.07,2.1,-0.574,very-coarse,-0.052,very-well,1.045,very-fine,-0.677,very-platykurtic,1,23022,57,10.7647482
miami25-2-24,Miami_08,water,24,2,bottom,beach,25.47,-80.340556,18,polyhaline,26.71,7.58,-60,163,12.4,319,6.11,7.66,7.07,2.1,-0.574,very-coarse,-0.052,very-well,1.045,very-fine,-0.677,very-platykurtic,1,124293,77,11.8229048
miami25-3-24,Miami_08,water,24,3,bottom,beach,25.47,-80.340556,18,polyhaline,26.71,7.58,-60,163,12.4,319,6.11,7.66,7.07,2.1,-0.574,very-coarse,-0.052,very-well,1.045,very-fine,-0.677,very-platykurtic,1,106342,81,13.8490279
miami25-1-25,Miami_09,water,25,1,bottom,"near dam freshwater side; grassy, rocky",25.47,-80.346944,1,oligohaline,26.74,7.81,-74,194,0.38,231,5.82,0.247,0.18,0,-0.554,very-coarse,0.095,very-well,0.706,very-fine,-1.189,very-platykurtic,2.1,46826,102,11.8298791
miami25-2-25,Miami_09,water,25,2,bottom,"near dam freshwater side; grassy, rocky",25.47,-80.346944,1,oligohaline,26.74,7.81,-74,194,0.38,231,5.82,0.247,0.18,0,-0.554,very-coarse,0.095,very-well,0.706,very-fine,-1.189,very-platykurtic,2.1,61650,105,12.0732625
miami25-3-25,Miami_09,water,25,3,bottom,"near dam freshwater side; grassy, rocky",25.47,-80.346944,1,oligohaline,26.74,7.81,-74,194,0.38,231,5.82,0.247,0.18,0,-0.554,very-coarse,0.095,very-well,0.706,very-fine,-1.189,very-platykurtic,2.1,100597,115,11.0952463
miami25-1-26,Miami_09,water,26,1,bottom,"near dam freshwater side; grassy, rocky",25.47,-80.346944,1,oligohaline,26.74,7.81,-74,194,0.38,231,5.82,0.247,0.18,0,-0.554,very-coarse,0.095,very-well,0.706,very-fine,-1.189,very-platykurtic,2.1,80101,107,11.3227673
miami25-2-26,Miami_09,water,26,2,bottom,"near dam freshwater side; grassy, rocky",25.47,-80.346944,1,oligohaline,26.74,7.81,-74,194,0.38,231,5.82,0.247,0.18,0,-0.554,very-coarse,0.095,very-well,0.706,very-fine,-1.189,very-platykurtic,2.1,61780,96,11.1931844
miami25-3-26,Miami_09,water,26,3,bottom,"near dam freshwater side; grassy, rocky",25.47,-80.346944,1,oligohaline,26.74,7.81,-74,194,0.38,231,5.82,0.247,0.18,0,-0.554,very-coarse,0.095,very-well,0.706,very-fine,-1.189,very-platykurtic,2.1,93833,109,11.2749544
miami25-1-27,Miami_09,water,27,1,bottom,"near dam freshwater side; grassy, rocky",25.47,-80.346944,1,oligohaline,26.74,7.81,-74,194,0.38,231,5.82,0.247,0.18,0,-0.554,very-coarse,0.095,very-well,0.706,very-fine,-1.189,very-platykurtic,2.1,54473,103,13.1054589
miami25-2-27,Miami_09,water,27,2,bottom,"near dam freshwater side; grassy, rocky",25.47,-80.346944,1,oligohaline,26.74,7.81,-74,194,0.38,231,5.82,0.247,0.18,0,-0.554,very-coarse,0.095,very-well,0.706,very-fine,-1.189,very-platykurtic,2.1,53462,101,12.6944966
miami25-3-27,Miami_09,water,27,3,bottom,"near dam freshwater side; grassy, rocky",25.47,-80.346944,1,oligohaline,26.74,7.81,-74,194,0.38,231,5.82,0.247,0.18,0,-0.554,very-coarse,0.095,very-well,0.706,very-fine,-1.189,very-platykurtic,2.1,90973,100,11.1629985
miami25-1-28,Miami_10,water,28,1,top,stream - no dam,25.727222,-80.269722,14,mesohaline,25.89,7.14,-34,199,11.6,104,7.07,7.19,6.61,2,0.668,coarse,1.187,poorly,0.771,very-fine,0.592,very-platykurtic,1.7,32483,28,5.6283631
miami25-2-28,Miami_10,water,28,2,top,stream - no dam,25.727222,-80.269722,14,mesohaline,25.89,7.14,-34,199,11.6,104,7.07,7.19,6.61,2,0.668,coarse,1.187,poorly,0.771,very-fine,0.592,very-platykurtic,1.7,120848,41,5.36781877
miami25-3-28,Miami_10,water,28,3,top,stream - no dam,25.727222,-80.269722,14,mesohaline,25.89,7.14,-34,199,11.6,104,7.07,7.19,6.61,2,0.668,coarse,1.187,poorly,0.771,very-fine,0.592,very-platykurtic,1.7,111101,45,5.81200193
miami25-1-29,Miami_10,water,29,1,top,stream - no dam,25.727222,-80.269722,14,mesohaline,25.89,7.14,-34,199,11.6,104,7.07,7.19,6.61,2,0.668,coarse,1.187,poorly,0.771,very-fine,0.592,very-platykurtic,1.7,59934,43,5.405378
miami25-2-29,Miami_10,water,29,2,top,stream - no dam,25.727222,-80.269722,14,mesohaline,25.89,7.14,-34,199,11.6,104,7.07,7.19,6.61,2,0.668,coarse,1.187,poorly,0.771,very-fine,0.592,very-platykurtic,1.7,101444,44,5.55305027
miami25-3-29,Miami_10,water,29,3,top,stream - no dam,25.727222,-80.269722,14,mesohaline,25.89,7.14,-34,199,11.6,104,7.07,7.19,6.61,2,0.668,coarse,1.187,poorly,0.771,very-fine,0.592,very-platykurtic,1.7,89732,49,7.76151539
miami25-1-30,Miami_10,water,30,1,top,stream - no dam,25.727222,-80.269722,14,mesohaline,25.89,7.14,-34,199,11.6,104,7.07,7.19,6.61,2,0.668,coarse,1.187,poorly,0.771,very-fine,0.592,very-platykurtic,1.7,23188,40,7.98456842
miami25-2-30,Miami_10,water,30,2,top,stream - no dam,25.727222,-80.269722,14,mesohaline,25.89,7.14,-34,199,11.6,104,7.07,7.19,6.61,2,0.668,coarse,1.187,poorly,0.771,very-fine,0.592,very-platykurtic,1.7,69237,42,5.7267959
miami25-3-30,Miami_10,water,30,3,top,stream - no dam,25.727222,-80.269722,14,mesohaline,25.89,7.14,-34,199,11.6,104,7.07,7.19,6.61,2,0.668,coarse,1.187,poorly,0.771,very-fine,0.592,very-platykurtic,1.7,163997,54,7.77205786
miami25-1-31,Miami_11,water,31,1,top,"under bridge; deep, rocky canal",25.705833,-80.260556,30,euhaline,25.03,7.6,-61,144,22.6,20,4.86,14,13.64,7.4,0.209,coarse,0.87,moderately-well,1.522,very-fine-skewed,1.209,leptokurtic,1.7,65056,82,12.7403609
miami25-2-31,Miami_11,water,31,2,top,"under bridge; deep, rocky canal",25.705833,-80.260556,30,euhaline,25.03,7.6,-61,144,22.6,20,4.86,14,13.64,7.4,0.209,coarse,0.87,moderately-well,1.522,very-fine-skewed,1.209,leptokurtic,1.7,132107,92,10.1347062
miami25-3-31,Miami_11,water,31,3,top,"under bridge; deep, rocky canal",25.705833,-80.260556,30,euhaline,25.03,7.6,-61,144,22.6,20,4.86,14,13.64,7.4,0.209,coarse,0.87,moderately-well,1.522,very-fine-skewed,1.209,leptokurtic,1.7,141617,101,14.1744908
miami25-1-32,Miami_11,water,32,1,top,"under bridge; deep, rocky canal",25.705833,-80.260556,30,euhaline,25.03,7.6,-61,144,22.6,20,4.86,14,13.64,7.4,0.209,coarse,0.87,moderately-well,1.522,very-fine-skewed,1.209,leptokurtic,1.7,45998,75,12.8698775
miami25-2-32,Miami_11,water,32,2,top,"under bridge; deep, rocky canal",25.705833,-80.260556,30,euhaline,25.03,7.6,-61,144,22.6,20,4.86,14,13.64,7.4,0.209,coarse,0.87,moderately-well,1.522,very-fine-skewed,1.209,leptokurtic,1.7,208448,100,12.1204707
miami25-3-32,Miami_11,water,32,3,top,"under bridge; deep, rocky canal",25.705833,-80.260556,30,euhaline,25.03,7.6,-61,144,22.6,20,4.86,14,13.64,7.4,0.209,coarse,0.87,moderately-well,1.522,very-fine-skewed,1.209,leptokurtic,1.7,91706,93,14.2609176
miami25-1-33,Miami_11,water,33,1,top,"under bridge; deep, rocky canal",25.705833,-80.260556,30,euhaline,25.03,7.6,-61,144,22.6,20,4.86,14,13.64,7.4,0.209,coarse,0.87,moderately-well,1.522,very-fine-skewed,1.209,leptokurtic,1.7,31186,83,14.8139871
miami25-2-33,Miami_11,water,33,2,top,"under bridge; deep, rocky canal",25.705833,-80.260556,30,euhaline,25.03,7.6,-61,144,22.6,20,4.86,14,13.64,7.4,0.209,coarse,0.87,moderately-well,1.522,very-fine-skewed,1.209,leptokurtic,1.7,48745,100,14.9649234
miami25-3-33,Miami_11,water,33,3,top,"under bridge; deep, rocky canal",25.705833,-80.260556,30,euhaline,25.03,7.6,-61,144,22.6,20,4.86,14,13.64,7.4,0.209,coarse,0.87,moderately-well,1.522,very-fine-skewed,1.209,leptokurtic,1.7,3096,41,8.93916253
miami25-1-34,Miami_12,water,34,1,top,"by bridge; sandy, grassy",25.734722,-80.274444,3,oligohaline,27.05,11.62,-301,-52,5.39,22.5,5.3,3.4,2.9,0,1.485,medium ,1.148,poorly,-0.167,coarse-skewed,1.292,leptokurtic,2.7,13360,46,10.5413008
miami25-2-34,Miami_12,water,34,2,top,"by bridge; sandy, grassy",25.734722,-80.274444,3,oligohaline,27.05,11.62,-301,-52,5.39,22.5,5.3,3.4,2.9,0,1.485,medium ,1.148,poorly,-0.167,coarse-skewed,1.292,leptokurtic,2.7,42242,51,10.5385644
miami25-3-34,Miami_12,water,34,3,top,"by bridge; sandy, grassy",25.734722,-80.274444,3,oligohaline,27.05,11.62,-301,-52,5.39,22.5,5.3,3.4,2.9,0,1.485,medium ,1.148,poorly,-0.167,coarse-skewed,1.292,leptokurtic,2.7,65761,52,7.52514905
miami25-1-35,Miami_12,water,35,1,top,"by bridge; sandy, grassy",25.734722,-80.274444,3,oligohaline,27.05,11.62,-301,-52,5.39,22.5,5.3,3.4,2.9,0,1.485,medium ,1.148,poorly,-0.167,coarse-skewed,1.292,leptokurtic,2.7,55866,57,8.05118893
miami25-2-35,Miami_12,water,35,2,top,"by bridge; sandy, grassy",25.734722,-80.274444,3,oligohaline,27.05,11.62,-301,-52,5.39,22.5,5.3,3.4,2.9,0,1.485,medium ,1.148,poorly,-0.167,coarse-skewed,1.292,leptokurtic,2.7,79864,61,7.6330524
miami25-3-35,Miami_12,water,35,3,top,"by bridge; sandy, grassy",25.734722,-80.274444,3,oligohaline,27.05,11.62,-301,-52,5.39,22.5,5.3,3.4,2.9,0,1.485,medium ,1.148,poorly,-0.167,coarse-skewed,1.292,leptokurtic,2.7,46150,47,6.54868966
miami25-1-36,Miami_12,water,36,1,top,"by bridge; sandy, grassy",25.734722,-80.274444,3,oligohaline,27.05,11.62,-301,-52,5.39,22.5,5.3,3.4,2.9,0,1.485,medium ,1.148,poorly,-0.167,coarse-skewed,1.292,leptokurtic,2.7,62248,57,10.2393978
miami25-3-36,Miami_12,water,36,3,top,"by bridge; sandy, grassy",25.734722,-80.274444,3,oligohaline,27.05,11.62,-301,-52,5.39,22.5,5.3,3.4,2.9,0,1.485,medium ,1.148,poorly,-0.167,coarse-skewed,1.292,leptokurtic,2.7,63685,52,8.07394861
miami25-1-37,Miami_13,water,37,1,top,stream - no dam; concrete,25.738611,-80.286944,1.5,oligohaline,23.35,12.18,-330,-53,0.262,10,7.69,0.17,0.12,0,1.022,medium ,0.826,moderately-well,-0.27,coarse-skewed,1.013,mesokurtic,3.1,67657,41,3.77188575
miami25-2-37,Miami_13,water,37,2,top,stream - no dam; concrete,25.738611,-80.286944,1.5,oligohaline,23.35,12.18,-330,-53,0.262,10,7.69,0.17,0.12,0,1.022,medium ,0.826,moderately-well,-0.27,coarse-skewed,1.013,mesokurtic,3.1,111154,59,9.54096274
miami25-3-37,Miami_13,water,37,3,top,stream - no dam; concrete,25.738611,-80.286944,1.5,oligohaline,23.35,12.18,-330,-53,0.262,10,7.69,0.17,0.12,0,1.022,medium ,0.826,moderately-well,-0.27,coarse-skewed,1.013,mesokurtic,3.1,102466,33,3.62257228
miami25-1-38,Miami_13,water,38,1,top,stream - no dam; concrete,25.738611,-80.286944,1.5,oligohaline,23.35,12.18,-330,-53,0.262,10,7.69,0.17,0.12,0,1.022,medium ,0.826,moderately-well,-0.27,coarse-skewed,1.013,mesokurtic,3.1,125867,47,4.11518386
miami25-2-38,Miami_13,water,38,2,top,stream - no dam; concrete,25.738611,-80.286944,1.5,oligohaline,23.35,12.18,-330,-53,0.262,10,7.69,0.17,0.12,0,1.022,medium ,0.826,moderately-well,-0.27,coarse-skewed,1.013,mesokurtic,3.1,224830,49,3.44812808
miami25-3-38,Miami_13,water,38,3,top,stream - no dam; concrete,25.738611,-80.286944,1.5,oligohaline,23.35,12.18,-330,-53,0.262,10,7.69,0.17,0.12,0,1.022,medium ,0.826,moderately-well,-0.27,coarse-skewed,1.013,mesokurtic,3.1,148790,38,3.44735766
miami25-1-39,Miami_13,water,39,1,top,stream - no dam; concrete,25.738611,-80.286944,1.5,oligohaline,23.35,12.18,-330,-53,0.262,10,7.69,0.17,0.12,0,1.022,medium ,0.826,moderately-well,-0.27,coarse-skewed,1.013,mesokurtic,3.1,63418,38,4.87682802
miami25-2-39,Miami_13,water,39,2,top,stream - no dam; concrete,25.738611,-80.286944,1.5,oligohaline,23.35,12.18,-330,-53,0.262,10,7.69,0.17,0.12,0,1.022,medium ,0.826,moderately-well,-0.27,coarse-skewed,1.013,mesokurtic,3.1,118867,34,4.14677683
miami25-3-39,Miami_13,water,39,3,top,stream - no dam; concrete,25.738611,-80.286944,1.5,oligohaline,23.35,12.18,-330,-53,0.262,10,7.69,0.17,0.12,0,1.022,medium ,0.826,moderately-well,-0.27,coarse-skewed,1.013,mesokurtic,3.1,107339,31,3.67707157
miami25-1-41,Miami_01,sediment,41,1,middle,black point marina docks,25.538611,-80.3275,28,polyhaline,22.52,7.57,-59,190,22.4,104,4.94,13.9,13.5,8,0.08,coarse,0.782,moderately-well,1.64,very-fine,1.474,leptokurtic,1.7,2537,19,8.16853414
miami25-2-41,Miami_01,sediment,41,2,middle,black point marina docks,25.538611,-80.3275,28,polyhaline,22.52,7.57,-59,190,22.4,104,4.94,13.9,13.5,8,0.08,coarse,0.782,moderately-well,1.64,very-fine,1.474,leptokurtic,1.7,28637,53,11.7605782
miami25-3-41,Miami_01,sediment,41,3,middle,black point marina docks,25.538611,-80.3275,28,polyhaline,22.52,7.57,-59,190,22.4,104,4.94,13.9,13.5,8,0.08,coarse,0.782,moderately-well,1.64,very-fine,1.474,leptokurtic,1.7,14773,36,9.91839464
miami25-1-42,Miami_02,sediment,42,1,middle,mangroves,25.535833,-80.324722,30,euhaline,22.86,7.77,-71,195,23.7,49.7,4.84,14.7,14.34,8.5,-0.266,very-coarse,0.494,well,2.174,very-fine,1.845,very-leptokurtic,5.8,3215,30,11.6561789
miami25-2-42,Miami_02,sediment,42,2,middle,mangroves,25.535833,-80.324722,30,euhaline,22.86,7.77,-71,195,23.7,49.7,4.84,14.7,14.34,8.5,-0.266,very-coarse,0.494,well,2.174,very-fine,1.845,very-leptokurtic,5.8,6296,30,10.4781353
miami25-3-42,Miami_02,sediment,42,3,middle,mangroves,25.535833,-80.324722,30,euhaline,22.86,7.77,-71,195,23.7,49.7,4.84,14.7,14.34,8.5,-0.266,very-coarse,0.494,well,2.174,very-fine,1.845,very-leptokurtic,5.8,3908,30,11.462764
miami25-1-43,Miami_03,sediment,43,1,middle,"stream near dam freshwater side; grassy, shaded",25.543611,-80.331389,1,oligohaline,22.21,7.95,-81,148,0.248,269,5.98,0.161,0.12,0,-0.034,very-coarse,0.675,moderately-well,1.695,very-fine,-12.489,very-platykurtic,7,20157,56,12.4527344
miami25-2-43,Miami_03,sediment,43,2,middle,"stream near dam freshwater side; grassy, shaded",25.543611,-80.331389,1,oligohaline,22.21,7.95,-81,148,0.248,269,5.98,0.161,0.12,0,-0.034,very-coarse,0.675,moderately-well,1.695,very-fine,-12.489,very-platykurtic,7,31624,69,12.2040497
miami25-3-43,Miami_03,sediment,43,3,middle,"stream near dam freshwater side; grassy, shaded",25.543611,-80.331389,1,oligohaline,22.21,7.95,-81,148,0.248,269,5.98,0.161,0.12,0,-0.034,very-coarse,0.675,moderately-well,1.695,very-fine,-12.489,very-platykurtic,7,39322,62,12.2292885
miami25-1-44,Miami_04,sediment,44,1,middle,under bridge,25.542222,-80.33,22,polyhaline,22.51,7.57,-59,219,19.2,79.6,4.96,11.9,11.37,6.4,-0.138,very-coarse,0.540,moderately-well,1.915,very-fine,-2.840,very-platykurtic,1.9,10877,50,11.3249764
miami25-2-44,Miami_04,sediment,44,2,middle,under bridge,25.542222,-80.33,22,polyhaline,22.51,7.57,-59,219,19.2,79.6,4.96,11.9,11.37,6.4,-0.138,very-coarse,0.540,moderately-well,1.915,very-fine,-2.840,very-platykurtic,1.9,8713,52,11.21655
miami25-3-44,Miami_04,sediment,44,3,middle,under bridge,25.542222,-80.33,22,polyhaline,22.51,7.57,-59,219,19.2,79.6,4.96,11.9,11.37,6.4,-0.138,very-coarse,0.540,moderately-well,1.915,very-fine,-2.840,very-platykurtic,1.9,2854,33,9.80463982
miami25-2-45,Miami_05,sediment,45,2,bottom,sandy beach,25.461111,-80.336389,30,euhaline,25.89,7.88,-77,80,24.5,185,5.27,15.2,14.85,8.1,1.274,medium ,1.161,poorly,-0.090,symmetrical,1.152,leptokurtic,2.2,8982,32,10.4376236
miami25-3-45,Miami_05,sediment,45,3,bottom,sandy beach,25.461111,-80.336389,30,euhaline,25.89,7.88,-77,80,24.5,185,5.27,15.2,14.85,8.1,1.274,medium ,1.161,poorly,-0.090,symmetrical,1.152,leptokurtic,2.2,2485,20,7.78865913
miami25-1-46,Miami_06,sediment,46,1,bottom,Under bridge,25.471111,-80.379722,2,oligohaline,25.59,8,-85,224,0.771,60.3,5.63,0.493,0.38,0,-0.085,very-coarse,0.572,moderately-well,1.793,very-fine,-1.577,very-platykurtic,0.9,7649,40,10.5605962
miami25-2-46,Miami_06,sediment,46,2,bottom,Under bridge,25.471111,-80.379722,2,oligohaline,25.59,8,-85,224,0.771,60.3,5.63,0.493,0.38,0,-0.085,very-coarse,0.572,moderately-well,1.793,very-fine,-1.577,very-platykurtic,0.9,15506,56,11.3152556
miami25-3-46,Miami_06,sediment,46,3,bottom,Under bridge,25.471111,-80.379722,2,oligohaline,25.59,8,-85,224,0.771,60.3,5.63,0.493,0.38,0,-0.085,very-coarse,0.572,moderately-well,1.793,very-fine,-1.577,very-platykurtic,0.9,28047,57,12.7572328
miami25-1-47,Miami_07,sediment,47,1,bottom,"stream near dam marine side; grassy, rocky",25.47,-80.345833,7,mesohaline,26.05,7.43,-51,134,12.1,173,4.79,7.48,6.89,2.1,-0.594,very-coarse,0.032,very-well,0.846,very-fine,-1.066,very-platykurtic,0.9,25640,55,12.6495898
miami25-2-47,Miami_07,sediment,47,2,bottom,"stream near dam marine side; grassy, rocky",25.47,-80.345833,7,mesohaline,26.05,7.43,-51,134,12.1,173,4.79,7.48,6.89,2.1,-0.594,very-coarse,0.032,very-well,0.846,very-fine,-1.066,very-platykurtic,0.9,13233,44,11.7269495
miami25-1-48,Miami_08,sediment,48,1,bottom,beach,25.47,-80.340556,18,polyhaline,26.71,7.58,-60,163,12.4,319,6.11,7.66,7.07,2.1,-0.574,very-coarse,-0.052,very-well,1.045,very-fine,-0.677,very-platykurtic,1,6845,38,11.8394073
miami25-2-48,Miami_08,sediment,48,2,bottom,beach,25.47,-80.340556,18,polyhaline,26.71,7.58,-60,163,12.4,319,6.11,7.66,7.07,2.1,-0.574,very-coarse,-0.052,very-well,1.045,very-fine,-0.677,very-platykurtic,1,2702,24,7.86260863
miami25-3-48,Miami_08,sediment,48,3,bottom,beach,25.47,-80.340556,18,polyhaline,26.71,7.58,-60,163,12.4,319,6.11,7.66,7.07,2.1,-0.574,very-coarse,-0.052,very-well,1.045,very-fine,-0.677,very-platykurtic,1,19652,54,11.5374131
miami25-1-49,Miami_09,sediment,49,1,bottom,"near dam freshwater side; grassy, rocky",25.47,-80.346944,1,oligohaline,26.74,7.81,-74,194,0.38,231,5.82,0.247,0.18,0,-0.554,very-coarse,0.095,very-well,0.706,very-fine,-1.189,very-platykurtic,2.1,15947,75,14.1307502
miami25-2-49,Miami_09,sediment,49,2,bottom,"near dam freshwater side; grassy, rocky",25.47,-80.346944,1,oligohaline,26.74,7.81,-74,194,0.38,231,5.82,0.247,0.18,0,-0.554,very-coarse,0.095,very-well,0.706,very-fine,-1.189,very-platykurtic,2.1,45065,103,13.7376887
miami25-3-49,Miami_09,sediment,49,3,bottom,"near dam freshwater side; grassy, rocky",25.47,-80.346944,1,oligohaline,26.74,7.81,-74,194,0.38,231,5.82,0.247,0.18,0,-0.554,very-coarse,0.095,very-well,0.706,very-fine,-1.189,very-platykurtic,2.1,38574,90,13.3966263
miami25-1-50,Miami_10,sediment,50,1,top,stream - no dam,25.727222,-80.269722,14,mesohaline,25.89,7.14,-34,199,11.6,104,7.07,7.19,6.61,2,0.668,coarse,1.187,poorly,0.771,very-fine,0.592,very-platykurtic,1.7,8915,40,11.1303674
miami25-2-50,Miami_10,sediment,50,2,top,stream - no dam,25.727222,-80.269722,14,mesohaline,25.89,7.14,-34,199,11.6,104,7.07,7.19,6.61,2,0.668,coarse,1.187,poorly,0.771,very-fine,0.592,very-platykurtic,1.7,12583,44,12.8152892
miami25-3-50,Miami_10,sediment,50,3,top,stream - no dam,25.727222,-80.269722,14,mesohaline,25.89,7.14,-34,199,11.6,104,7.07,7.19,6.61,2,0.668,coarse,1.187,poorly,0.771,very-fine,0.592,very-platykurtic,1.7,7776,38,10.955975
miami25-1-51,Miami_11,sediment,51,1,top,"under bridge; deep, rocky canal",25.705833,-80.260556,30,euhaline,25.03,7.6,-61,144,22.6,20,4.86,14,13.64,7.4,0.209,coarse,0.87,moderately-well,1.522,very-fine-skewed,1.209,leptokurtic,1.7,2277,31,9.88205307
miami25-2-51,Miami_11,sediment,51,2,top,"under bridge; deep, rocky canal",25.705833,-80.260556,30,euhaline,25.03,7.6,-61,144,22.6,20,4.86,14,13.64,7.4,0.209,coarse,0.87,moderately-well,1.522,very-fine-skewed,1.209,leptokurtic,1.7,16558,45,11.2581345
miami25-3-51,Miami_11,sediment,51,3,top,"under bridge; deep, rocky canal",25.705833,-80.260556,30,euhaline,25.03,7.6,-61,144,22.6,20,4.86,14,13.64,7.4,0.209,coarse,0.87,moderately-well,1.522,very-fine-skewed,1.209,leptokurtic,1.7,33193,50,11.1548513
miami25-1-52,Miami_12,sediment,52,1,top,"by bridge; sandy, grassy",25.734722,-80.274444,3,oligohaline,27.05,11.62,-301,-52,5.39,22.5,5.3,3.4,2.9,0,1.485,medium ,1.148,poorly,-0.167,coarse-skewed,1.292,leptokurtic,2.7,6892,27,9.3872854
miami25-2-52,Miami_12,sediment,52,2,top,"by bridge; sandy, grassy",25.734722,-80.274444,3,oligohaline,27.05,11.62,-301,-52,5.39,22.5,5.3,3.4,2.9,0,1.485,medium ,1.148,poorly,-0.167,coarse-skewed,1.292,leptokurtic,2.7,11143,32,9.62378108
miami25-3-52,Miami_12,sediment,52,3,top,"by bridge; sandy, grassy",25.734722,-80.274444,3,oligohaline,27.05,11.62,-301,-52,5.39,22.5,5.3,3.4,2.9,0,1.485,medium ,1.148,poorly,-0.167,coarse-skewed,1.292,leptokurtic,2.7,20957,36,9.88707266
miami25-1-53,Miami_13,sediment,53,1,top,stream - no dam; concrete,25.738611,-80.286944,1.5,oligohaline,23.35,12.18,-330,-53,0.262,10,7.69,0.17,0.12,0,1.022,medium ,0.826,moderately-well,-0.27,coarse-skewed,1.013,mesokurtic,3.1,29353,37,8.28487381
miami25-2-53,Miami_13,sediment,53,2,top,stream - no dam; concrete,25.738611,-80.286944,1.5,oligohaline,23.35,12.18,-330,-53,0.262,10,7.69,0.17,0.12,0,1.022,medium ,0.826,moderately-well,-0.27,coarse-skewed,1.013,mesokurtic,3.1,26399,43,9.62203804
miami25-3-53,Miami_13,sediment,53,3,top,stream - no dam; concrete,25.738611,-80.286944,1.5,oligohaline,23.35,12.18,-330,-53,0.262,10,7.69,0.17,0.12,0,1.022,medium ,0.826,moderately-well,-0.27,coarse-skewed,1.013,mesokurtic,3.1,19326,38,9.53575911